-- phpMyAdmin SQL Dump
-- version 5.2.1
-- https://www.phpmyadmin.net/
--
-- Host: 127.0.0.1
-- Generation Time: May 07, 2025 at 01:51 PM
-- Server version: 10.4.32-MariaDB
-- PHP Version: 8.0.30

SET SQL_MODE = "NO_AUTO_VALUE_ON_ZERO";
START TRANSACTION;
SET time_zone = "+00:00";


/*!40101 SET @OLD_CHARACTER_SET_CLIENT=@@CHARACTER_SET_CLIENT */;
/*!40101 SET @OLD_CHARACTER_SET_RESULTS=@@CHARACTER_SET_RESULTS */;
/*!40101 SET @OLD_COLLATION_CONNECTION=@@COLLATION_CONNECTION */;
/*!40101 SET NAMES utf8mb4 */;

--
-- Database: `driveease_admin`
--

-- --------------------------------------------------------

--
-- Table structure for table `categories`
--

CREATE TABLE `categories` (
  `id` int(11) NOT NULL,
  `name` varchar(100) NOT NULL,
  `description` text DEFAULT NULL
) ENGINE=InnoDB DEFAULT CHARSET=utf8mb4 COLLATE=utf8mb4_general_ci;

--
-- Dumping data for table `categories`
--

INSERT INTO `categories` (`id`, `name`, `description`) VALUES
(1, 'Traffic Signss', 'Flashcards about road signs and symbols'),
(2, 'Driving Rules', 'Flashcards about basic driving rules and regulationss'),
(3, 'car', 'asdasdas');

-- --------------------------------------------------------

--
-- Table structure for table `flashcards`
--

CREATE TABLE `flashcards` (
  `id` int(11) NOT NULL,
  `title` varchar(150) NOT NULL,
  `description` text NOT NULL,
  `category_id` int(11) NOT NULL
) ENGINE=InnoDB DEFAULT CHARSET=utf8mb4 COLLATE=utf8mb4_general_ci;

--
-- Dumping data for table `flashcards`
--

INSERT INTO `flashcards` (`id`, `title`, `description`, `category_id`) VALUES
(1, 'Stop Sign', 'This sign indicates that drivers must stop.', 1),
(2, 'Speed Limit 60', 'Maximum speed allowed is 60 km/h.', 1),
(3, 'No Left Turn', 'Left turns are not allowed here.', 1);

-- --------------------------------------------------------

--
-- Table structure for table `notifications`
--

CREATE TABLE `notifications` (
  `id` int(11) NOT NULL,
  `message` text NOT NULL,
  `created_at` timestamp NOT NULL DEFAULT current_timestamp()
) ENGINE=InnoDB DEFAULT CHARSET=utf8mb4 COLLATE=utf8mb4_general_ci;

--
-- Dumping data for table `notifications`
--

INSERT INTO `notifications` (`id`, `message`, `created_at`) VALUES
(1, 'New quiz available: Traffic Signs Quiz', '2025-04-24 12:44:55');

-- --------------------------------------------------------

--
-- Table structure for table `questions`
--

CREATE TABLE `questions` (
  `id` int(11) NOT NULL,
  `question_text` text NOT NULL,
  `category_id` int(11) NOT NULL,
  `option_a` varchar(255) NOT NULL,
  `option_b` varchar(255) NOT NULL,
  `option_c` varchar(255) NOT NULL,
  `option_d` varchar(255) NOT NULL,
  `correct_option` enum('A','B','C','D') NOT NULL,
  `question` text DEFAULT NULL
) ENGINE=InnoDB DEFAULT CHARSET=utf8mb4 COLLATE=utf8mb4_general_ci;

--
-- Dumping data for table `questions`
--

INSERT INTO `questions` (`id`, `question_text`, `category_id`, `option_a`, `option_b`, `option_c`, `option_d`, `correct_option`, `question`) VALUES
(1, 'What does a Stop Sign mean?', 1, 'Slow down', 'Yield', 'Come to a complete stop', 'Turn left', 'C', NULL),
(2, 'What is the maximum speed limit if the sign shows 60?', 2, '40 km/h', '50 km/h', '60 km/h', '70 km/h', 'C', NULL),
(3, '1+1', 2, '1', '2', '3', '4', 'B', NULL);

-- --------------------------------------------------------

--
-- Table structure for table `quizzes`
--

CREATE TABLE `quizzes` (
  `id` int(11) NOT NULL,
  `title` varchar(150) NOT NULL,
  `category_id` int(11) DEFAULT NULL,
  `published` tinyint(1) DEFAULT 0,
  `is_published` tinyint(1) NOT NULL DEFAULT 0,
  `status` varchar(20) NOT NULL DEFAULT 'Draft'
) ENGINE=InnoDB DEFAULT CHARSET=utf8mb4 COLLATE=utf8mb4_general_ci;

--
-- Dumping data for table `quizzes`
--

INSERT INTO `quizzes` (`id`, `title`, `category_id`, `published`, `is_published`, `status`) VALUES
(1, 'Traffic Signs Quiz', 1, 0, 0, 'Published'),
(2, 'Driving Safety Quiz', 3, 0, 1, 'Published');

-- --------------------------------------------------------

--
-- Table structure for table `quiz_questions`
--

CREATE TABLE `quiz_questions` (
  `id` int(11) NOT NULL,
  `quiz_id` int(11) NOT NULL,
  `question_id` int(11) NOT NULL
) ENGINE=InnoDB DEFAULT CHARSET=utf8mb4 COLLATE=utf8mb4_general_ci;

--
-- Dumping data for table `quiz_questions`
--

INSERT INTO `quiz_questions` (`id`, `quiz_id`, `question_id`) VALUES
(16, 2, 3),
(17, 2, 2),
(18, 2, 1),
(19, 1, 1),
(20, 1, 2),
(21, 1, 3);

-- --------------------------------------------------------

--
-- Table structure for table `users`
--

CREATE TABLE `users` (
  `id` int(11) NOT NULL,
  `username` varchar(50) NOT NULL,
  `password` varchar(255) NOT NULL,
  `role` varchar(20) DEFAULT 'admin',
  `status` varchar(20) DEFAULT 'active'
) ENGINE=InnoDB DEFAULT CHARSET=utf8mb4 COLLATE=utf8mb4_general_ci;

--
-- Dumping data for table `users`
--

INSERT INTO `users` (`id`, `username`, `password`, `role`, `status`) VALUES
(1, 'admin', '123456', 'admin', 'active');

--
-- Indexes for dumped tables
--

--
-- Indexes for table `categories`
--
ALTER TABLE `categories`
  ADD PRIMARY KEY (`id`);

--
-- Indexes for table `flashcards`
--
ALTER TABLE `flashcards`
  ADD PRIMARY KEY (`id`),
  ADD KEY `category_id` (`category_id`);

--
-- Indexes for table `notifications`
--
ALTER TABLE `notifications`
  ADD PRIMARY KEY (`id`);

--
-- Indexes for table `questions`
--
ALTER TABLE `questions`
  ADD PRIMARY KEY (`id`),
  ADD KEY `category_id` (`category_id`);

--
-- Indexes for table `quizzes`
--
ALTER TABLE `quizzes`
  ADD PRIMARY KEY (`id`),
  ADD KEY `category_id` (`category_id`);

--
-- Indexes for table `quiz_questions`
--
ALTER TABLE `quiz_questions`
  ADD PRIMARY KEY (`id`),
  ADD KEY `quiz_id` (`quiz_id`),
  ADD KEY `question_id` (`question_id`);

--
-- Indexes for table `users`
--
ALTER TABLE `users`
  ADD PRIMARY KEY (`id`);

--
-- AUTO_INCREMENT for dumped tables
--

--
-- AUTO_INCREMENT for table `categories`
--
ALTER TABLE `categories`
  MODIFY `id` int(11) NOT NULL AUTO_INCREMENT, AUTO_INCREMENT=4;

--
-- AUTO_INCREMENT for table `flashcards`
--
ALTER TABLE `flashcards`
  MODIFY `id` int(11) NOT NULL AUTO_INCREMENT, AUTO_INCREMENT=5;

--
-- AUTO_INCREMENT for table `notifications`
--
ALTER TABLE `notifications`
  MODIFY `id` int(11) NOT NULL AUTO_INCREMENT, AUTO_INCREMENT=2;

--
-- AUTO_INCREMENT for table `questions`
--
ALTER TABLE `questions`
  MODIFY `id` int(11) NOT NULL AUTO_INCREMENT, AUTO_INCREMENT=4;

--
-- AUTO_INCREMENT for table `quizzes`
--
ALTER TABLE `quizzes`
  MODIFY `id` int(11) NOT NULL AUTO_INCREMENT, AUTO_INCREMENT=4;

--
-- AUTO_INCREMENT for table `quiz_questions`
--
ALTER TABLE `quiz_questions`
  MODIFY `id` int(11) NOT NULL AUTO_INCREMENT, AUTO_INCREMENT=22;

--
-- AUTO_INCREMENT for table `users`
--
ALTER TABLE `users`
  MODIFY `id` int(11) NOT NULL AUTO_INCREMENT, AUTO_INCREMENT=2;

--
-- Constraints for dumped tables
--

--
-- Constraints for table `flashcards`
--
ALTER TABLE `flashcards`
  ADD CONSTRAINT `flashcards_ibfk_1` FOREIGN KEY (`category_id`) REFERENCES `categories` (`id`) ON DELETE CASCADE;

--
-- Constraints for table `questions`
--
ALTER TABLE `questions`
  ADD CONSTRAINT `questions_ibfk_1` FOREIGN KEY (`category_id`) REFERENCES `categories` (`id`) ON DELETE CASCADE;

--
-- Constraints for table `quizzes`
--
ALTER TABLE `quizzes`
  ADD CONSTRAINT `quizzes_ibfk_1` FOREIGN KEY (`category_id`) REFERENCES `categories` (`id`);

--
-- Constraints for table `quiz_questions`
--
ALTER TABLE `quiz_questions`
  ADD CONSTRAINT `quiz_questions_ibfk_1` FOREIGN KEY (`quiz_id`) REFERENCES `quizzes` (`id`) ON DELETE CASCADE,
  ADD CONSTRAINT `quiz_questions_ibfk_2` FOREIGN KEY (`question_id`) REFERENCES `questions` (`id`) ON DELETE CASCADE;
COMMIT;

/*!40101 SET CHARACTER_SET_CLIENT=@OLD_CHARACTER_SET_CLIENT */;
/*!40101 SET CHARACTER_SET_RESULTS=@OLD_CHARACTER_SET_RESULTS */;
/*!40101 SET COLLATION_CONNECTION=@OLD_COLLATION_CONNECTION */;
